{"type": "metrics", "dataset": "train", "precision": 0.6704881656804734, "balanced_accuracy": 0.6643993007056848, "recall": 0.3837037037037037, "f1_score": 0.4880872257369767}
{"type": "metrics", "dataset": "test", "precision": 0.6470588235294118, "balanced_accuracy": 0.6673803799056133, "recall": 0.39244491080797483, "f1_score": 0.488569562377531}
{"type": "cm_matrix", "dataset": "train", "true_0": {"predicted_0": 15337, "predicted_1": 891}, "true_1": {"predicted_0": 2912, "predicted_1": 1813}}
{"type": "cm_matrix", "dataset": "test", "true_0": {"predicted_0": 6665, "predicted_1": 408}, "true_1": {"predicted_0": 1158, "predicted_1": 748}}
